# Initial data by_it_academy_grodno_elibrary.address
INSERT INTO address (id, country, region, district, city, street, postal_code, house, apt)
values (2, 'Беларусь', 'Гродненская', 'Гродненский', 'Kutorejo', 'Gerald', '230005', '07', '4292'),
       (3, 'Беларусь', 'Гродненская', 'Гродненский', 'Shangshuai', 'Prairieview', '230005', '05843', '07'),
       (4, 'Беларусь', 'Гродненская', 'Щучинский', 'Valbonë', 'Talmadge', '230005', '1', '6'),
       (5, 'Беларусь', 'Гродненская', 'Гродненский', 'Montes Claros', 'Kensington', '39400-000', '78523', '77'),
       (6, 'Беларусь', 'Гродненская', 'Гродненский', 'Yanhe', 'Heffernan', '230005', '49220', '1096'),
       (7, 'Беларусь', 'Гродненская', 'Гродненский', 'Matagami', 'Barnett', 'N2M', '0866', '245'),
       (8, 'Беларусь', 'Гродненская', 'Гродненский', 'Moñitos', 'Stuart', '231008', '114', '0'),
       (9, 'Беларусь', 'Гродненская', 'Гродненский', 'Tongqiao', 'International', '230005', '88', '83'),
       (10, 'Беларусь', 'Гродненская', 'Гродненский', 'San Marcos', 'Armistice', '704038', '387', '578'),
       (11, 'Беларусь', 'Гродненская', 'Гродненский', 'Shuicha', 'Fulton', '230005', '8546', '702'),
       (12, 'Беларусь', 'Гродненская', 'Гродненский', 'Sangumata', 'American', '230005', '22', '031'),
       (13, 'Беларусь', 'Гродненская', 'Вороновский', 'Вороново', 'International', '230005', '88', '753'),
       (14, 'Беларусь', 'Гродненская', 'Щучинский', 'Мосты', 'International', '230005', '1', '53'),
       (15, 'Беларусь', 'Гродненская', 'Гродненский', 'Гродно', 'International', '230005', '11', '45'),
       (16, 'Беларусь', 'Гродненская', 'Гродненский', 'Гродно', 'Dominicnaskaya', '230005', '58', '76'),
       (17, 'Беларусь', 'Гродненская', 'Гродненский', 'Гродно', 'Dominicnaskaya', '23705', '67', '786'),
       (18, 'Беларусь', 'Гродненская', 'Гродненский', 'Гродно', 'Dominicnaskaya', '28785', '12', '94'),
       (19, 'Беларусь', 'Гродненская', 'Щучинский', 'Василишки', 'International', '29885', '10', '90'),
       (20, 'Беларусь', 'Гродненская', 'Щучинский', 'Василишки', 'International', '29885', '9', '95'),
       (21, 'Беларусь', 'Гродненская', 'Щучинский', 'Василишки', 'International', '29885', '87', '100'),
       (22, 'Stockholm','Гродненская', 'Hägersten', 'Alpine', 'International', '126-36', '47', '1'),
       (23, 'Беларусь', 'Гродненская', 'Filipowice', 'Autumn Leaf', 'Fulton', '32-327', '42', '11605'),
       (24,  'Беларусь','Гродненская', 'Semanding', 'Aberg', 'Fulton', '23056', '96', '01'),
       (25,  'Беларусь', 'Гродненская', 'Kamenka', 'Schurz', 'Stuart', '654sfa', '93', '021'),
       (26,  'Беларусь', 'Гродненская', 'Allkaj', 'Mosinee', 'Stuart', '64165', '76', '60491'),
       (27,  'Беларусь','Гродненская', 'Breu', 'Bluejay', 'Armistice', 'a248dsf', '4', '1'),
       (28,  'Беларусь', 'Гродненская', 'Constanza', 'Montana', 'Armistice', '11154', '0692', '3097'),
       (29, 'Беларусь', 'Veracruz Llave', 'Paleran', 'Swallow', 'Dominicnaskaya', '16541', '046', '2'),
       (30, 'Беларусь', 'Гродненская', 'Dana', 'Gina', 'Dominicnaskaya', '6545498', '7750', '51045'),
       (31, 'Беларусь', 'Гродненская', 'Pirapora', '7th', 'Barnett', '874-408', '2', '18'),
       (32,  'Беларусь', 'Гродненская', 'Tumaco', 'Division', 'Barnett', '984568', '093', '2'),
       (33, 'Беларусь', 'Madrid', 'Laocheng', 'Victoria', 'Barnett', '898', '81', '4'),
       (34, 'Беларусь', 'Madrid', 'Laocheng', 'Victoria', 'Bar', '898', '747', '3');

## Initial data by_it_academy_grodno_elibrary.user
INSERT INTO user (email, username, first_name, last_name, middle_name, phone_number, address_id, gender, birthday, password,  avatar_url)
VALUES ('eget.odio@Donec.ca', 'Armand Parrish', 'Cleo', 'Macias', 'Gretchen', '{"countryCode": "375", "nationalNumber": "296908407"}', 2, 'm', '2021-03-01', '$2a$10$Z1/.F4bRuyOGyL7NQrmjhufHf8XrHIEjPfBz9tlPbPcWrLpvPWKfq', '/img/users/avatars/default_male_avatar.png'),
       ('ligula.eu@litoratorquent.net', 'Azalia Rosario', 'Raven', 'Barry', 'Jordan', '{"countryCode": "375", "nationalNumber": "296270309"}', 3, 'm', '2022-02-25', '$2a$10$Z1/.F4bRuyOGyL7NQrmjhufHf8XrHIEjPfBz9tlPbPcWrLpvPWKfq', '/img/users/avatars/default_male_avatar.png'),
       ('id@acarcuNunc.edu', 'Leah Moody', 'Mark', 'Mckinney', 'Dalton', '{"countryCode": "375", "nationalNumber": "339685203"}', 4, 'm', '2020-10-01', '$2a$10$Z1/.F4bRuyOGyL7NQrmjhufHf8XrHIEjPfBz9tlPbPcWrLpvPWKfq', '/img/users/avatars/default_male_avatar.png'),
       ('urna.Vivamus.molestie@suscipitest.ca', 'Isabella Ford', 'Keefe', 'Terry', 'Celeste', '{"countryCode": "375", "nationalNumber": "443526222"}', 5, 'm', '2021-08-23', '$2a$10$Z1/.F4bRuyOGyL7NQrmjhufHf8XrHIEjPfBz9tlPbPcWrLpvPWKfq', '/img/users/avatars/default_male_avatar.png'),
       ('dictum@mus.net', 'Jaime Castillo', 'Fredericka', 'York', 'Armand', '{"countryCode": "375", "nationalNumber": "338526313"}', 6, 'f', '2022-04-04', '$2a$10$Z1/.F4bRuyOGyL7NQrmjhufHf8XrHIEjPfBz9tlPbPcWrLpvPWKfq', '/img/users/avatars/default_female_avatar.png'),
       ('nec@dolorsit.co.uk', 'Hollee Mejia', 'Winter', 'Vasquez', 'Brenda', '{"countryCode": "375", "nationalNumber": "337728818"}', 7, 'f', '2020-12-07', '$2a$10$Z1/.F4bRuyOGyL7NQrmjhufHf8XrHIEjPfBz9tlPbPcWrLpvPWKfq', '/img/users/avatars/default_female_avatar.png'),
       ('ac.mattis.ornare@elementumat.org', 'Octavius Case', 'Phyllis', 'Christian', 'Luke', '{"countryCode": "375", "nationalNumber": "299467819"}', 8, 'u', '2021-04-02', '$2a$10$Z1/.F4bRuyOGyL7NQrmjhufHf8XrHIEjPfBz9tlPbPcWrLpvPWKfq', '/img/users/avatars/default_unknown_avatar.png'),
       ('erat.Sed.nunc@temporbibendum.org', 'Xena Albert', 'Fulton', 'Mcbride', 'Marny', '{"countryCode": "375", "nationalNumber": "344555666"}', 9, 'u', '2022-03-22', '$2a$10$Z1/.F4bRuyOGyL7NQrmjhufHf8XrHIEjPfBz9tlPbPcWrLpvPWKfq', '/img/users/avatars/default_unknown_avatar.png'),
       ('dolor.nonummy.ac@neque.com', 'Ivy Whitfield', 'Lara', 'Forbes', 'Anjolie', '{"countryCode": "375", "nationalNumber": "294574811"}', 10, 'f', '2022-03-21', '$2a$10$Z1/.F4bRuyOGyL7NQrmjhufHf8XrHIEjPfBz9tlPbPcWrLpvPWKfq', '/img/users/avatars/default_unknown_avatar.png'),
       ('mauris@malesuada.org', 'Claire Contreras', 'Kimberly', 'Castaneda', 'Darryl', '{"countryCode": "375", "nationalNumber": "292424054"}', 11, 'm', '2021-10-23', '$2a$10$Z1/.F4bRuyOGyL7NQrmjhufHf8XrHIEjPfBz9tlPbPcWrLpvPWKfq', '/img/users/avatars/default_unknown_avatar.png'),
       ('wnewellkt@taobao.com', 'wnewellkt', 'Léa', 'Newell', 'Weber', '{"countryCode": "375", "nationalNumber": "7915400347"}', 12, 'u', '2018-04-29', '$2a$10$Z1/.F4bRuyOGyL7NQrmjhufHf8XrHIEjPfBz9tlPbPcWrLpvPWKfq' , '/img/users/avatars/default_unknown_avatar.png'),
       ('cjaquemeku@apple.com', 'cjaquemeku', 'Magdalène', 'Jaqueme', 'Christie', '{"countryCode": "375", "nationalNumber": "4306703018"}', 13, 'u', '2020-07-14', '$2a$10$Z1/.F4bRuyOGyL7NQrmjhufHf8XrHIEjPfBz9tlPbPcWrLpvPWKfq', '/img/users/avatars/default_unknown_avatar.png'),
       ('gcantillonkv@youtube.com', 'gcantillonkv', 'Ruò', 'Cantillon', 'Gardiner', '{"countryCode": "375", "nationalNumber": "9769507984"}', 14, 'u', '2018-06-29', '$2a$10$Z1/.F4bRuyOGyL7NQrmjhufHf8XrHIEjPfBz9tlPbPcWrLpvPWKfq', '/img/users/avatars/default_unknown_avatar.png'),
       ('evaninkw@godaddy.com', 'evaninkw', 'Mélinda', 'Vanin', 'Evita', '{"countryCode": "375", "nationalNumber": "5178815966"}', 15, 'u', '2020-05-23', '$2a$10$Z1/.F4bRuyOGyL7NQrmjhufHf8XrHIEjPfBz9tlPbPcWrLpvPWKfq', '/img/users/avatars/default_unknown_avatar.png'),
       ('zwillcottkx@mapy.cz', 'zwillcottkx', 'Vérane', 'Willcott', 'Zorina', '{"countryCode": "375", "nationalNumber": "4145688080"}', 16, 'u', '2019-02-21', '$2a$10$Z1/.F4bRuyOGyL7NQrmjhufHf8XrHIEjPfBz9tlPbPcWrLpvPWKfq' , '/img/users/avatars/default_unknown_avatar.png'),
       ('rborthramky@goo.gl', 'rborthramky', 'Marie-hélène', 'Borthram', 'Ryun', '{"countryCode": "375", "nationalNumber": "3589254689"}', 17, 'f', '2019-10-26', '$2a$10$Z1/.F4bRuyOGyL7NQrmjhufHf8XrHIEjPfBz9tlPbPcWrLpvPWKfq', '/img/users/avatars/default_female_avatar.png'),
       ('lsinnattkz@blogspot.com', 'lsinnattkz', 'Dà', 'Sinnatt', 'Luke', '{"countryCode": "375", "nationalNumber": "9478276926"}', 18, 'f', '2021-04-11', '$2a$10$Z1/.F4bRuyOGyL7NQrmjhufHf8XrHIEjPfBz9tlPbPcWrLpvPWKfq', '/img/users/avatars/default_female_avatar.png'),
       ('asydenhaml0@elegantthemes.com', 'asydenhaml0', 'Mélissandre', 'Sydenham', 'Alaster', '{"countryCode": "375", "nationalNumber": "2652629456"}', 19, 'f', '2020-08-13', '$2a$10$Z1/.F4bRuyOGyL7NQrmjhufHf8XrHIEjPfBz9tlPbPcWrLpvPWKfq', '/img/users/avatars/default_female_avatar.png'),
       ('pgiannasil1@dmoz.org', 'pgiannasil1', 'Geneviève', 'Giannasi', 'Paulie', '{"countryCode": "375", "nationalNumber": "9948997234"}', 20, 'f', '2020-03-08', '$2a$10$Z1/.F4bRuyOGyL7NQrmjhufHf8XrHIEjPfBz9tlPbPcWrLpvPWKfq' ,'/img/users/avatars/default_female_avatar.png'),
       ('kkentishl2@ted.com', 'kkentishl2', 'Léandre', 'Kentish', 'Kass', '{"countryCode": "375", "nationalNumber": "7911654280"}', 21, 'f', '2018-11-08','$2a$10$Z1/.F4bRuyOGyL7NQrmjhufHf8XrHIEjPfBz9tlPbPcWrLpvPWKfq', '/img/users/avatars/default_female_avatar.png'),
       ('ainchboardl3@cyberchimps.com', 'ainchboardl3', 'Göran', 'Inchboard', 'Andeee', '{"countryCode": "375", "nationalNumber": "5875670233"}', 22, 'f', '2018-09-08', '$2a$10$Z1/.F4bRuyOGyL7NQrmjhufHf8XrHIEjPfBz9tlPbPcWrLpvPWKfq', '/img/users/avatars/default_female_avatar.png'),
       ('kfourcadel4@reverbnation.com', 'kfourcadel4', 'Aloïs', 'Fourcade', 'Keslie', '{"countryCode": "375", "nationalNumber": "5878816423"}', 23, 'f', '2018-06-30', '$2a$10$Z1/.F4bRuyOGyL7NQrmjhufHf8XrHIEjPfBz9tlPbPcWrLpvPWKfq' , '/img/users/avatars/default_female_avatar.png'),
       ('ddorninl5@angelfire.com', 'ddorninl5', 'Intéressant', 'Dornin', 'Dannel', '{"countryCode": "375", "nationalNumber": "7583032901"}', 24, 'f', '2020-07-01', '$2a$10$Z1/.F4bRuyOGyL7NQrmjhufHf8XrHIEjPfBz9tlPbPcWrLpvPWKfq', '/img/users/avatars/default_female_avatar.png'),
       ('gmollenl6@drupal.org', 'gmollenl6', 'Håkan', 'Mollen', 'Gwyneth', '{"countryCode": "375", "nationalNumber": "9558773126"}', 25, 'f', '2020-10-10', '$2a$10$Z1/.F4bRuyOGyL7NQrmjhufHf8XrHIEjPfBz9tlPbPcWrLpvPWKfq', '/img/users/avatars/default_female_avatar.png'),
       ('imellyl7@cisco.com', 'imellyl7', 'Thérèse', 'Melly', 'Irvin', '{"countryCode": "375", "nationalNumber": "7127396057"}', 26, 'm', '2020-08-10', '$2a$10$Z1/.F4bRuyOGyL7NQrmjhufHf8XrHIEjPfBz9tlPbPcWrLpvPWKfq', '/img/users/avatars/default_male_avatar.png'),
       ('zkerrichl8@auda.org.au', 'zkerrichl8', 'Marie-josée', 'Kerrich', 'Zed', '{"countryCode": "375", "nationalNumber": "7807417723"}', 27, 'm', '2018-04-26', '$2a$10$Z1/.F4bRuyOGyL7NQrmjhufHf8XrHIEjPfBz9tlPbPcWrLpvPWKfq', '/img/users/avatars/default_male_avatar.png'),
       ('mspanswickl9@redcross.org', 'mspanswickl9', 'Rébecca', 'Spanswick', 'Mathias', '{"countryCode": "375", "nationalNumber": "2194902207"}', 28, 'm', '2020-04-03', '$2a$10$Z1/.F4bRuyOGyL7NQrmjhufHf8XrHIEjPfBz9tlPbPcWrLpvPWKfq', '/img/users/avatars/default_male_avatar.png'),
       ('hkediela@ca.gov', 'hkediela', 'Göran', 'Kedie', 'Hal', '{"countryCode": "375", "nationalNumber": "8775028030"}', 29, 'm', '2020-01-16', '$2a$10$Z1/.F4bRuyOGyL7NQrmjhufHf8XrHIEjPfBz9tlPbPcWrLpvPWKfq', '/img/users/avatars/default_male_avatar.png'),
       ('rcouttslb@techcrunch.com', 'rcouttslb', 'Maëlle', 'Coutts', 'Roseann', '{"countryCode": "375", "nationalNumber": "3787034170"}', 30, 'm', '2020-05-16', '$2a$10$Z1/.F4bRuyOGyL7NQrmjhufHf8XrHIEjPfBz9tlPbPcWrLpvPWKfq', '/img/users/avatars/default_male_avatar.png'),
       ('dlewislc@blog.com', 'dlewislc', 'Marieève', 'Lewis', 'Diandra', '{"countryCode": "375", "nationalNumber": "5628160203"}', 31, 'm', '2020-04-08', '$2a$10$Z1/.F4bRuyOGyL7NQrmjhufHf8XrHIEjPfBz9tlPbPcWrLpvPWKfq', '/img/users/avatars/default_male_avatar.png'),
       ('kmcentagartld@oaic.gov.au', 'kmcentagartld', 'Táng', 'McEntagart', 'Karola', '{"countryCode": "375", "nationalNumber": "9905994967"}', 32, 'm', '2018-11-26', '$2a$10$Z1/.F4bRuyOGyL7NQrmjhufHf8XrHIEjPfBz9tlPbPcWrLpvPWKfq', '/img/users/avatars/default_male_avatar.png'),
       ('bholthamle@theguardian.com', 'bholthamle', 'Kévina', 'Holtham', 'Ben', '{"countryCode": "375", "nationalNumber": "8487738742"}', 33, 'm', '2018-02-13', '$2a$10$Z1/.F4bRuyOGyL7NQrmjhufHf8XrHIEjPfBz9tlPbPcWrLpvPWKfq', '/img/users/avatars/default_male_avatar.png'),
       ('csandhamlf@ftc.gov', 'csandhamlf', 'Réservés', 'Sandham', 'Cal', '{"countryCode": "375", "nationalNumber": "6134745518"}', 34, 'f', '2019-12-24', '$2a$10$Z1/.F4bRuyOGyL7NQrmjhufHf8XrHIEjPfBz9tlPbPcWrLpvPWKfq', '/img/users/avatars/default_female_avatar.png');

# Initial data by_it_academy_grodno_elibrary.user_has_role
INSERT INTO user_has_role (user_id, role_id)
VALUES (2, 1),
       (3, 1),
       (4, 1),
       (5, 1),
       (6, 1),
       (7, 1),
       (8, 1),
       (9, 1),
       (10, 1),
       (11, 1),
       (12, 1),
       (13, 1),
       (14, 1),
       (15, 1),
       (16, 1),
       (17, 1),
       (18, 1),
       (19, 1),
       (20, 1),
       (21, 1),
       (22, 1),
       (23, 1),
       (24, 1),
       (25, 1),
       (26, 1),
       (27, 1),
       (28, 1),
       (29, 1),
       (30, 1),
       (31, 1),
       (32, 1),
       (33, 1),
       (34, 1);